{
	"model": {
		"modelName": "New model",
		"dbVersion": "5.x",
		"dbVendor": "Neo4j"
	},
	"container": {
		"name": "New database",
		"indexes": []
	},
	"collection": {
		"collectionName": "New node label",
		"collectionUsers": [],
		"collation": {}
	},
	"nestedCollection": {
		"collectionName": "New sub-node label",
		"collectionUsers": [],
		"entityType": "sub-node",
		"collation": {},
		"relationName": "Subclass of"
	},
	"field": {
		"name": "New property key"
	},
	"patternField": {
		"name": "^[a-zA-Z0-9_.-]{20}$"
	},
	"multipleField": {
		"primaryKey": false
	},
	"subschema": {},
	"arrayItem": {},
	"choice": {},
	"relationship": {},
	"user": {},
	"view": {
		"viewOn": "",
		"pipeline": ""
	}
}
