[
	{
		"tab": "Connection",
		"structure": [
			{
				"inputLabel": "Name",
				"inputKeyword": "name",
				"inputType": "text",
				"inputPlaceholder": "Name"
			},
			{
				"inputLabel": "Host",
				"inputKeyword": "host",
				"inputType": "text",
				"inputPlaceholder": "localhost",
				"defaultValue": ""
			},
			{
				"inputLabel": "Port",
				"inputKeyword": "port",
				"inputType": "numeric",
				"inputPlaceholder": "",
				"defaultValue": ""
			}
		]
	},
	{
		"tab": "Authentication",
		"structure": [
			{
				"inputLabel": "User Name",
				"inputKeyword": "username",
				"inputType": "text",
				"inputPlaceholder": "User Name"
			},
			{
				"inputLabel": "Password",
				"inputKeyword": "password",
				"inputType": "password",
				"inputTooltip": "Password",
				"isHiddenKey": true,
				"defaultValue": ""
			}
		]
	},
	{
		"tab": "SSL",
		"helpUrl": "https://hackolade.com/help/SSL1.html",
		"structure": [
			{
				"inputLabel": "SSL",
				"inputKeyword": "sslType",
				"inputType": "select",
				"options": [
					{
						"value": "TRUST_SYSTEM_CA_SIGNED_CERTIFICATES",
						"label": "SYSTEMCA"
					},
					{
						"value": "Off",
						"label": "Off"
					},
					{
						"value": "TRUST_ALL_CERTIFICATES",
						"label": "Unvalidated"
					},
					{
						"value": "TRUST_CUSTOM_CA_SIGNED_CERTIFICATES",
						"label": "Server validation"
					},
					{
						"value": "TRUST_SERVER_CLIENT_CERTIFICATES",
						"label": "Server and client validation"
					}
				]
			},
			{
				"inputLabel": "Certificate Authority",
				"inputKeyword": "certAuthority",
				"inputType": "file",
				"inputPlaceholder": "Certificate Authority",
				"extensions": ["pem", "crt", "key"],
				"dependency": {
					"key": "sslType",
					"value": ["TRUST_CUSTOM_CA_SIGNED_CERTIFICATES", "TRUST_SERVER_CLIENT_CERTIFICATES"]
				}
			},
			{
				"inputLabel": "Client Certificate",
				"inputKeyword": "clientCert",
				"inputType": "file",
				"inputPlaceholder": "Client Certificate",
				"extensions": ["pem", "crt", "key"],
				"dependency": {
					"key": "sslType",
					"value": "TRUST_SERVER_CLIENT_CERTIFICATES"
				}
			},
			{
				"inputLabel": "Client Private Key",
				"inputKeyword": "clientPrivateKey",
				"inputType": "file",
				"inputPlaceholder": "Client Private Key",
				"extensions": ["pem", "crt", "key"],
				"dependency": {
					"key": "sslType",
					"value": "TRUST_SERVER_CLIENT_CERTIFICATES"
				}
			},
			{
				"inputLabel": "Passphrase",
				"inputKeyword": "passphrase",
				"inputType": "password",
				"inputPlaceholder": "Passphrase",
				"isHiddenKey": true,
				"dependency": {
					"key": "sslType",
					"value": "TRUST_SERVER_CLIENT_CERTIFICATES"
				}
			}
		]
	},
	{
		"tab": "SSH",
		"helpUrl": "https://hackolade.com/help/SSH1.html",
		"structure": [
			{
				"inputLabel": "Use SSH Tunnel",
				"inputKeyword": "ssh",
				"inputType": "checkbox",
				"defaultValue": false
			},
			{
				"inputLabel": "SSH Address",
				"inputKeyword": "ssh_host",
				"inputType": "text",
				"inputPlaceholder": "SSH Address",
				"disable": {
					"key": "ssh",
					"value": false
				}
			},
			{
				"inputLabel": "Port",
				"inputKeyword": "ssh_port",
				"inputType": "numeric",
				"inputPlaceholder": "Port",
				"defaultValue": 22,
				"disable": {
					"key": "ssh",
					"value": false
				}
			},
			{
				"inputLabel": "SSH User Name",
				"inputKeyword": "ssh_user",
				"inputType": "text",
				"inputPlaceholder": "SSH User Name",
				"disable": {
					"key": "ssh",
					"value": false
				}
			},
			{
				"inputLabel": "SSH Auth Method",
				"inputKeyword": "ssh_method",
				"inputType": "select",
				"options": [
					{
						"value": "privateKey",
						"label": "Private Key"
					},
					{
						"value": "password",
						"label": "Password"
					}
				],
				"disable": {
					"key": "ssh",
					"value": false
				},
				"defaultValue": "privateKey"
			},
			{
				"inputLabel": "Private Key",
				"inputKeyword": "ssh_key_file",
				"inputType": "file",
				"inputPlaceholder": "Private Key",
				"extensions": ["*"],
				"dependency": {
					"key": "ssh_method",
					"value": ["privateKey", ""]
				},
				"disable": {
					"key": "ssh",
					"value": false
				}
			},
			{
				"inputLabel": "Passphrase",
				"inputKeyword": "ssh_key_passphrase",
				"inputType": "password",
				"inputPlaceholder": "Passphrase",
				"isHiddenKey": true,
				"dependency": {
					"key": "ssh_method",
					"value": ["privateKey", ""]
				},
				"disable": {
					"key": "ssh",
					"value": false
				}
			},
			{
				"inputLabel": "Client key password",
				"inputKeyword": "ssh_password",
				"inputType": "password",
				"inputPlaceholder": "Password",
				"isHiddenKey": true,
				"dependency": {
					"key": "ssh_method",
					"value": ["password", ""]
				},
				"disable": {
					"key": "ssh",
					"value": false
				}
			}
		]
	}
]
