{
	"name": "number",
	"erdAbbreviation": "<num>",
	"dtdAbbreviation": "{123}",
	"parentType": "numeric",
	"sample": 15,
	"useSample": true,
	"defaultValues": {
		"unit": "",
		"minimum": "",
		"exclusiveMinimum": false,
		"maximum": "",
		"exclusiveMaximum": false,
		"multipleOf": "",
		"divisibleBy": "",
		"default": "",
		"primaryKey": false,
		"relationshipType": "",
		"parentRelationship": "",
		"childRelationships": [],
		"foreignCollection": "",
		"foreignField": [],
		"enum": [],
		"mode": "",
		"sample": "",
		"unique": false
	}
}
