{
	"entity": {
		"erd": {
			"width": 300
		}
	},
	"field": {
		"erd": [
			"keys",
			"type",
			[
				{
					"value": {
						"template": "[{array_size_limit}]",
						"defaultValue": "x",
						"key": "array_type.*.array_size_limit"
					},
					"dependency": {
						"type": "or",
						"values": [
							{
								"key": "array_type",
								"minLength": 1
							},
							{
								"key": "array_size_limit",
								"exist": true
							},
							{
								"level": "definition",
								"key": "array_type",
								"minLength": 1
							},
							{
								"level": "definition",
								"key": "array_size_limit",
								"exist": true
							}
						]
					},
					"width": "auto"
				}
			],
			"indexes",
			"refType"
		]
	}
}
