{
	"WELCOME_PAGE___REVERSE_ENGINEER_DESCRIPTION": "Create a Hackolade model from an existing DB instance",
	"MAIN_MENU___ADD_BUCKET": "Add Schema",
	"MAIN_MENU___ADD_COLLECTION": "Add Table",
	"MAIN_MENU___ADD_VIEW": "Add View",
	"MAIN_MENU___ADD_RELATIONSHIP": "Add Relationship",
	"MAIN_MENU___ADD_ATTRIBUTE": "Add Column",
	"MAIN_MENU___INSERT_FIELD": "Insert Column",
	"MAIN_MENU___APPEND_FIELD": "Append Column",
	"MAIN_MENU___REVERSE_DB_COLLECTIONS": "PostgreSQL schemas...",
	"MAIN_MENU___FORWARD_CHANGE_COLLECTIONS": "PostgreSQL Alter Script",
	"TOOLBAR___ADD_BUCKET": "Add schema",
	"TOOLBAR___ADD_COLLECTION": "Add table",
	"TOOLBAR___ADD_VIEW": "Add View",
	"TOOLBAR___ADD_RELATIONSHIP": "Add Relationship",
	"TOOLBAR___ADD_ATTRIBUTE": "Add Column",
	"TOOLBAR___INSERT_FIELD": "Insert Column",
	"TOOLBAR___APPEND_FIELD": "Append Column",
	"TOOLBAR___TOGGLE_FIELD_DETAILS": "Toggle field details",
	"TOOLBAR___SHOW_FOREIGN_MASTER": "Toggle foreign master",
	"TOOLBAR___SHOW_MODEL_VIEW": "Toggle model views",
	"TOOLBAR___DISTRIBUTE_ORTHOGONALLY": "Distribute tables orthogonally",
	"OBJECT___BROWSER_BUCKET": "Schemas",
	"OBJECT___BROWSER_NOT_IN_BUCKET": "Undefined Schema",
	"OBJECT___BROWSER_COLLECTION": "Tables",
	"OBJECT___BROWSER_VIEWS": "Views",
	"OBJECT___BROWSER_DEFINITIONS": "User-Defined Types",
	"OBJECT___BROWSER_FIELDS": "Columns",
	"PROPERTIES_PANE___BUCKET_NAME": "Schema name",
	"PROPERTIES_PANE___VIEW_NAME": "View name",
	"PROPERTIES_PANE___COLLECTION_NAME": "Table",
	"PROPERTIES_PANE___FOREIGN_COLLECTION": "Foreign table",
	"PROPERTIES_PANE___FOREIGN_FIELD": "Foreign field",
	"PROPERTIES_PANE___PARENT_COLLECTION": "Parent table",
	"PROPERTIES_PANE___PARENT_FIELD": "Parent field",
	"PROPERTIES_PANE___PARENT_CARDINALITY": "Parent cardinality",
	"PROPERTIES_PANE___CHILD_COLLECTION": "Child table",
	"PROPERTIES_PANE___CHILD_FIELD": "Child field",
	"PROPERTIES_PANE___CHILD_CARDINALITY": "Child cardinality",
	"PROPERTIES_PANE___PRIMARY_KEY": "Primary key",
	"PROPERTIES_PANE___COLLECTION_BUCKET": "Schema",
	"PROPERTIES_PANE___VIEW_ON": "View on",
	"PROPERTIES_PANE___PIPELINE": "Pipeline",
	"PROPERTIES_PANE___COLLATION": "Collation",
	"PROPERTIES_PANE___LOCALE": "Locale",
	"PROPERTIES_PANE___VARIANT": "Variant",
	"PROPERTIES_PANE___STRENGTH": "Strength",
	"PROPERTIES_PANE___CASE_LEVEL": "Case level",
	"PROPERTIES_PANE___CASE_FIRST": "Case first",
	"PROPERTIES_PANE___NUMERIC_ORDERING": "Numeric ordering",
	"PROPERTIES_PANE___ALTERNATE": "Alternate",
	"PROPERTIES_PANE___MAX_VARIABLE": "Max variable",
	"PROPERTIES_PANE___BACKWARDS": "Backwards",
	"PROPERTIES_PANE___NORMALIZATION": "Normalization",
	"PROPERTIES_PANE___NAME": "Business Name",
	"PROPERTIES_PANE___CODE": "Technical name",
	"PROPERTIES_PANE___DESCRIPTIONS": "comments",
	"CENTRAL_PANE___TAB_MONGODB_VIEW_SCRIPT": "Create View Script",
	"CONTEXT_MENU___ADD_BUCKET": "Add schema",
	"CONTEXT_MENU___ADD_COLLECTION": "Add table",
	"CONTEXT_MENU___ADD_VIEW": "Add view",
	"CONTEXT_MENU___ALIGN_COLLECTIONS": "Align tables",
	"CONTEXT_MENU___ADD_ATTRIBUTE": "Add Column",
	"CONTEXT_MENU___INSERT_ATTRIBUTE": "Insert Column",
	"CONTEXT_MENU___APPEND_ATTRIBUTE": "Append Column",
	"CONTEXT_MENU___OPEN_COLLECTION_IN_NEW_TAB": "Open table in new tab",
	"CONTEXT_MENU___FIELD": "Column",
	"CONTEXT_MENU___PATTERN_FIELD": "Pattern Column",
	"CONTEXT_MENU___ARRAY_ITEM": "Array Item",
	"MODAL_WINDOW___COLLECTION": "table:",
	"MODAL_WINDOW___EMPTY_MODEL_MESSAGE": "The model does not contain any schemas.",
	"MODAL_WINDOW___FIELD_INFERENCE": "Field Inference",
	"MODAL_WINDOW___KEEP_FIELD_ORDER": "Keep field order",
	"MODAL_WINDOW___CANNOT_CONNECT_TO_DB": "Cannot connect to PostgreSQL Server",
	"MODAL_WINDOW___SUCCESSFULLY_CONNECT_TO_DB": "Successfully connected to PostgreSQL Server",
	"MODAL_WINDOW___UNABLE_CONNECT_TO_DB": "Unable to connect to PostgreSQL Server",
	"MODAL_WINDOW___DB_ENTITIES_SELECTION_TITLE": "Table selection",
	"MODAL_WINDOW___RECORDS_MAX": "Documents max",
	"MODAL_WINDOW___SUBDOCUMENT_IN_CHILD": "Sub-document in child",
	"MODAL_WINDOW___ARRAY_IN_PARENT": "Array in parent",
	"MODAL_WINDOW___INCLUDE_EMPTY_COLLECTION": "Include empty tables",
	"MODAL_WINDOW___CREATE_COLLECTION": "Create table",
	"MODAL_WINDOW___CREATE_BUCKET": "Create schema",
	"MODAL_WINDOW___ALL_COLLECTIONS": "and all nested tables",
	"MODAL_WINDOW___CONNENTION_ERROR": "The PostgreSQL instance you are connected to does not contain any schemas.",
	"MODAL_WINDOW___CONTAIN_BUCKETS": "schemas",
	"MODAL_WINDOW___CONTAIN_COLLECTIONS": "tables",
	"MODAL_WINDOW___CONTAIN_BUCKET": "schemas",
	"MODAL_WINDOW___CONTAIN_COLLECTION": "tables",
	"MODAL_WINDOW___DB_CONNECTION_PROCESS": "PostgreSQL Reverse-Engineering Process",
	"MODAL_WINDOW___DB_CONNECTIONS_LIST_TITLE": "PostgreSQL Connections",
	"PROGRESS_BAR___DATABASE": "Schema",
	"PROGRESS_BAR___COLLECTION": "Table",
	"PROGRESS_BAR___PROCESS": "Process",
	"DOCUMENTATION___PARENT_COLLECTION": "Parent Table",
	"DOCUMENTATION___PARENT_FIELD": "Parent Column",
	"DOCUMENTATION___PARENT_CARDINALITY": "Parent Cardinality",
	"DOCUMENTATION___CHILD_COLLECTION": "Child Table",
	"DOCUMENTATION___CHILD_FIELD": "Child Column",
	"DOCUMENTATION___CHILD_CARDINALITY": "Child Cardinality",
	"DOCUMENTATION___FIELD": "Column",
	"DOCUMENTATION___COLLECTIONS": "Tables",
	"DOCUMENTATION___COLLECTION": "Table",
	"DOCUMENTATION___BUCKETS": "Schemas",
	"DOCUMENTATION___BUCKET": "Schema",
	"DOCUMENTATION___FIELDS": "Column",
	"DOCUMENTATION___CHILD_FIELDS": "Child column(s)",
	"DOCUMENTATION___PHYSICAL_MODEL": "PostgreSQL Physical Model",
	"DOCUMENTATION___VIEWS": "Views",
	"DOCUMENTATION___VIEW": "View",
	"TOOLTIPS___FOREIGN_COLLECTION": "foreign table",
	"TOOLTIPS___COLLECTION_BUCKET": "Schema",
	"TOOLTIPS___FOREIGN_FIELD": "foreign column",
	"TOOLTIPS___PARENT_COLLECTION": "parent table",
	"TOOLTIPS___PARENT_FIELD": "parent column",
	"TOOLTIPS___CHILD_COLLECTION": "child table",
	"TOOLTIPS___CHILD_FIELD": "child column",
	"TOOLTIPS___VIEW_ON": "view on",
	"TOOLTIPS___PIPELINE": "pipeline",
	"TOOLTIPS___COLLATION": "collation",
	"TOOLTIPS___LOCALE": "locale",
	"TOOLTIPS___VARIANT": "variant",
	"TOOLTIPS___STRENGTH": "strength",
	"TOOLTIPS___CASE_LEVEL": "case level",
	"TOOLTIPS___CASE_FIRST": "case first",
	"TOOLTIPS___NUMERIC_ORDERING": "numeric ordering",
	"TOOLTIPS___ALTERNATE": "alternate",
	"TOOLTIPS___MAX_VARIABLE": "max variable",
	"TOOLTIPS___BACKWARDS": "Backwards",
	"TOOLTIPS___NORMALIZATION": "Normalization",
	"MAIN_MENU___FORWARD_DB_BUCKETS": "PostgreSQL DDL...",
	"NEW___MODEL_NAME": "New model",
	"NEW___BUCKET_NAME": "New schema",
	"NEW___COLLECTION_NAME": "New table",
	"NEW___FIELD_NAME": "New column",
	"NEW___PATTERN_FIELD_NAME": "^New Pattern Column$",
	"COLLECTION_SCHEMA_DEFINITION_NAME": "Table definitions",
	"COLLECTION_SCHEMA_DEFINITION_TYPE": "document",
	"MONGODB_SCRIPT_WARNING_MESSAGE": "This view is not associated to a type (viewOn property).",
	"TYPE": {},
	"CENTRAL_PANE___TAB_MODEL_DEFINITIONS": "User-Defined Types",
	"CONTEXT_MENU___ADD_MODEL_REFERENCE": "User-Defined Type",
	"CONTEXT_MENU___GO_TO_DEFINITION": "Go to User-Defined Type",
	"DOCUMENTATION___DB_DEFINITIONS": "User-Defined Types",
	"CONTEXT_MENU___CONVERT_TO_PATTERN_FIELD": "Convert to Pattern Column",
	"CONTEXT_MENU___CONVERT_PATTERN_TO_REGULAR_FIELD": "Convert to Regular Column",
	"FE_LEVEL_SELECTOR_TITLE": "Schemas",
	"FE_LEVEL_SELECTOR_CONTAINER": "Individual",
	"FE_LEVEL_SELECTOR_MODEL": "Combined"
}
