{
	"name": "json",
	"erdAbbreviation": "<json>",
	"dtdAbbreviation": "{...}",
	"parentType": "jsonObject",
	"hiddenOnEntity": "view",
	"jsonType": {
		"order": 1,
		"name": "json",
		"jsonRoot": true
	},
	"defaultValues": {
		"primaryKey": false,
		"relationshipType": "",
		"parentRelationship": "",
		"childRelationships": [],
		"foreignCollection": "",
		"foreignField": [],
		"additionalProperties": false,
		"mode": "json",
		"subtype": "object",
		"properties": []
	},
	"subtypes": {
		"object": {
			"parentType": "jsonObject",
			"childValueType": ["jsonString", "jsonNumber", "jsonObject", "jsonArray", "jsonBoolean", "jsonNull"]
		},
		"array": {
			"parentType": "jsonArray",
			"childValueType": ["jsonString", "jsonNumber", "jsonObject", "jsonArray", "jsonBoolean", "jsonNull"]
		},
		"string": {
			"parentType": "jsonString"
		},
		"number": {
			"parentType": "jsonNumber"
		},
		"boolean": {
			"parentType": "jsonBoolean"
		},
		"null": {
			"parentType": "jsonNull"
		}
	}
}
