{
	"name": "multirange",
	"erdAbbreviation": "<rng>",
	"dtdAbbreviation": "{123}",
	"parentType": "numeric",
	"hiddenOnEntity": "view",
	"defaultValues": {
		"exclusiveMinimum": false,
		"exclusiveMaximum": false,
		"primaryKey": false,
		"childRelationships": [],
		"foreignField": [],
		"enum": [],
		"mode": "int4multirange"
	},
	"descriptor": [
		{
			"schema": {
				"mode": "int4multirange"
			},
			"mode": "multirange",
			"modeType": "integer",
			"capacity": 4
		},
		{
			"schema": {
				"mode": "int8multirange"
			},
			"mode": "multirange",
			"modeType": "integer",
			"capacity": 8
		},
		{
			"schema": {
				"mode": "nummultirange"
			},
			"mode": "multirange",
			"modeType": "decimal",
			"capacity": 12
		},
		{
			"schema": {
				"mode": "datemultirange"
			},
			"mode": "multirange",
			"modeType": "date",
			"format": "YYYY-MM-DD"
		},
		{
			"schema": {
				"mode": "tsmultirange"
			},
			"mode": "multirange",
			"modeType": "timestamp",
			"format": "YYYY-MM-DD hh:mm:ss"
		},
		{
			"schema": {
				"mode": "tstzmultirange"
			},
			"mode": "multirange",
			"modeType": "timestamp",
			"format": "YYYY-MM-DD hh:mm:ss.nnnZ"
		},
		{
			"schema": {
				"mode": "tstzmultirange"
			},
			"mode": "multirange",
			"modeType": "timestamp",
			"format": "YYYY-MM-DD hh:mm:ss.nnnnnnZ"
		}
	]
}
