{
	"name": "numeric",
	"erdAbbreviation": "<num>",
	"dtdAbbreviation": "{123}",
	"parentType": "numeric",
	"sample": 15,
	"useSample": true,
	"hiddenOnEntity": "view",
	"defaultValues": {
		"unit": "",
		"minimum": "",
		"exclusiveMinimum": false,
		"maximum": "",
		"exclusiveMaximum": false,
		"multipleOf": "",
		"divisibleBy": "",
		"default": "",
		"primaryKey": false,
		"relationshipType": "",
		"parentRelationship": "",
		"childRelationships": [],
		"foreignCollection": "",
		"foreignField": [],
		"enum": [],
		"mode": "integer",
		"sample": ""
	},
	"descriptor": [
		{
			"schema": {
				"mode": "smallint"
			},
			"capacity": 2
		},
		{
			"schema": {
				"mode": "smallint"
			},
			"mode": "smallint"
		},
		{
			"schema": {
				"mode": "integer"
			},
			"capacity": 4
		},
		{
			"schema": {
				"mode": "integer"
			},
			"mode": "integer"
		},
		{
			"schema": {
				"mode": "bigint"
			},
			"capacity": 8
		},
		{
			"schema": {
				"mode": "numeric"
			},
			"capacity": 12,
			"mode": "decimal"
		},
		{
			"schema": {
				"mode": "real"
			},
			"capacity": 4,
			"mode": "floating"
		},
		{
			"schema": {
				"mode": "double precision"
			},
			"capacity": 8,
			"mode": "floating"
		},
		{
			"schema": {
				"mode": "smallserial"
			},
			"capacity": 2,
			"mode": "serial"
		},
		{
			"schema": {
				"mode": "serial"
			},
			"capacity": 4,
			"mode": "serial"
		},
		{
			"schema": {
				"mode": "bigserial"
			},
			"capacity": 8,
			"mode": "serial"
		},
		{
			"schema": {
				"mode": "money"
			},
			"capacity": 8,
			"mode": "decimal"
		}
	]
}
