{
	"name": "range",
	"erdAbbreviation": "<rng>",
	"dtdAbbreviation": "{123}",
	"parentType": "numeric",
	"sample": 15,
	"useSample": true,
	"hiddenOnEntity": "view",
	"defaultValues": {
		"unit": "",
		"minimum": "",
		"exclusiveMinimum": false,
		"maximum": "",
		"exclusiveMaximum": false,
		"multipleOf": "",
		"divisibleBy": "",
		"default": "",
		"primaryKey": false,
		"relationshipType": "",
		"parentRelationship": "",
		"childRelationships": [],
		"foreignCollection": "",
		"foreignField": [],
		"enum": [],
		"mode": "int4range",
		"sample": ""
	},
	"descriptor": [
		{
			"schema": {
				"mode": "int4range"
			},
			"mode": "range",
			"modeType": "integer",
			"capacity": 4
		},
		{
			"schema": {
				"mode": "int8range"
			},
			"mode": "range",
			"modeType": "integer",
			"capacity": 8
		},
		{
			"schema": {
				"mode": "numrange"
			},
			"mode": "range",
			"modeType": "decimal",
			"capacity": 12
		},
		{
			"schema": {
				"mode": "daterange"
			},
			"mode": "range",
			"modeType": "date",
			"format": "YYYY-MM-DD"
		},
		{
			"schema": {
				"mode": "tsrange"
			},
			"mode": "range",
			"modeType": "timestamp",
			"format": "YYYY-MM-DD hh:mm:ss"
		},
		{
			"schema": {
				"mode": "tstzrange"
			},
			"mode": "range",
			"modeType": "timestamp",
			"format": "YYYY-MM-DD hh:mm:ss.nnnZ"
		},
		{
			"schema": {
				"mode": "tstzrange"
			},
			"mode": "range",
			"modeType": "timestamp",
			"format": "YYYY-MM-DD hh:mm:ss.nnnnnnZ"
		}
	]
}
