{
	"model": {
		"modelName": "New model",
		"dbVersion": "v16.x",
		"dbVendor": "PostgreSQL"
	},
	"container": {
		"name": "New_schema"
	},
	"collection": {
		"collectionName": "New_table",
		"memory_optimized": false,
		"collectionUsers": [],
		"collation": {}
	},
	"field": {
		"name": "New_column",
		"primaryKey": false,
		"unique": false
	},
	"patternField": {
		"name": "^[a-zA-Z0-9_.-]+$"
	},
	"multipleField": {
		"primaryKey": true
	},
	"subschema": {},
	"arrayItem": {},
	"choice": {},
	"relationship": {
		"parentCardinality": "1",
		"childCardinality": "0..n"
	},
	"user": {},
	"view": {
		"viewOn": "",
		"pipeline": ""
	},
	"UDFs": {
		"name": "New UDF",
		"udfID": "",
		"udfDescription": "",
		"udfFunction": "",
		"udfComments": ""
	},
	"UDAs": {
		"name": "New UDA",
		"udfID": "",
		"udfDescription": "",
		"udfFunction": "",
		"udfComments": ""
	},
	"SecIdxs": {
		"name": "New Secondary Index",
		"SecIndxKey": "",
		"SecIndxID": "",
		"SecIndxDescription": "",
		"SecIndxFunction": "",
		"SecIndxComments": ""
	}
}
