{
	"WELCOME_PAGE___REVERSE_ENGINEER_DESCRIPTION": "Create a Hackolade model from an existing DB instance",
	"MAIN_MENU___ADD_BUCKET": "Add Database",
	"MAIN_MENU___ADD_COLLECTION": "Add Node Label",
	"MAIN_MENU___ADD_CHILD_COLLECTION": "Add Sub-Node Label",
	"MAIN_MENU___ADD_VIEW": "Add View",
	"MAIN_MENU___ADD_RELATIONSHIP": "Add Relationship Type",
	"MAIN_MENU___ADD_ATTRIBUTE": "Add Property Key",
	"MAIN_MENU___INSERT_FIELD": "Insert Property Key",
	"MAIN_MENU___APPEND_FIELD": "Append Property Key",
	"MAIN_MENU___REVERSE_DB_COLLECTIONS": "Neo4j database...",
	"MAIN_MENU___FORWARD_DB_COLLECTIONS": "Cypher",
	"TOOLBAR___ADD_BUCKET": "Add Database",
	"TOOLBAR___ADD_COLLECTION": "Add Node Label",
	"TOOLBAR___ADD_CHILD_COLLECTION": "Add Sub-Node Label",
	"TOOLBAR___ADD_VIEW": "Add view",
	"TOOLBAR___ADD_RELATIONSHIP": "Add Relationship Type",
	"TOOLBAR___ADD_ATTRIBUTE": "Add Property Key",
	"TOOLBAR___INSERT_FIELD": "Insert Property Key",
	"TOOLBAR___APPEND_FIELD": "Append Property Key",
	"TOOLBAR___TOGGLE_FIELD_DETAILS": "Toggle property key details",
	"TOOLBAR___SHOW_FOREIGN_MASTER": "Toggle foreign master",
	"TOOLBAR___SHOW_MODEL_VIEW": "Toggle model views",
	"TOOLBAR___DISTRIBUTE_ORTHOGONALLY": "Distribute node labels orthogonally",
	"OBJECT___BROWSER_BUCKET": "Databases",
	"OBJECT___BROWSER_NOT_IN_BUCKET": "Undefined Database",
	"OBJECT___BROWSER_COLLECTION": "Node labels",
	"OBJECT___BROWSER_VIEWS": "Views",
	"OBJECT___BROWSER_DEFINITIONS": "Definitions",
	"OBJECT___BROWSER_FIELDS": "Property keys",
	"OBJECT___BROWSER_NESTED_COLLECTIONS": "Sub-nodes",
	"PROPERTIES_PANE___BUCKET_NAME": "Database name",
	"PROPERTIES_PANE___VIEW_NAME": "View name",
	"PROPERTIES_PANE___COLLECTION_NAME": "Node key",
	"PROPERTIES_PANE___FOREIGN_COLLECTION": "Foreign node label",
	"PROPERTIES_PANE___FOREIGN_FIELD": "Foreign property key",
	"PROPERTIES_PANE___PARENT_COLLECTIONS": "Parent node label",
	"PROPERTIES_PANE___PARENT_COLLECTION": "Parent node label",
	"PROPERTIES_PANE___PARENT_RELATION": "Out of node label",
	"PROPERTIES_PANE___PARENT_FIELD": "Parent property key",
	"PROPERTIES_PANE___PARENT_CARDINALITY": "Parent cardinality",
	"PROPERTIES_PANE___CHILD_COLLECTION": "Sub-Node",
	"PROPERTIES_PANE___CHILD_RELATION": "Into node label",
	"PROPERTIES_PANE___CHILD_FIELD": "Child property key",
	"PROPERTIES_PANE___CHILD_CARDINALITY": "Child cardinality",
	"PROPERTIES_PANE___PRIMARY_KEY": "Primary key",
	"PROPERTIES_PANE___COLLECTION_BUCKET": "Database",
	"PROPERTIES_PANE___VIEW_ON": "View on",
	"PROPERTIES_PANE___PIPELINE": "Pipeline",
	"PROPERTIES_PANE___COLLATION": "Collation",
	"PROPERTIES_PANE___LOCALE": "Locale",
	"PROPERTIES_PANE___VARIANT": "Variant",
	"PROPERTIES_PANE___STRENGTH": "Strength",
	"PROPERTIES_PANE___CASE_LEVEL": "Case level",
	"PROPERTIES_PANE___CASE_FIRST": "Case first",
	"PROPERTIES_PANE___NUMERIC_ORDERING": "Numeric ordering",
	"PROPERTIES_PANE___ALTERNATE": "Alternate",
	"PROPERTIES_PANE___MAX_VARIABLE": "Max variable",
	"PROPERTIES_PANE___BACKWARDS": "Backwards",
	"PROPERTIES_PANE___NORMALIZATION": "Normalization",
	"CENTRAL_PANE___TAB_MONGODB_VIEW_SCRIPT": "Create View Script",
	"CONTEXT_MENU___ADD_BUCKET": "Add Database",
	"CONTEXT_MENU___ADD_COLLECTION": "Add Node Label",
	"CONTEXT_MENU___ADD_CHILD_COLLECTION": "Add Sub-Node Label",
	"CONTEXT_MENU___ADD_RELATIONSHIP": "Add Edge Label",
	"CONTEXT_MENU___ADD_VIEW": "Add View",
	"CONTEXT_MENU___ALIGN_COLLECTIONS": "Align Node Labels",
	"CONTEXT_MENU___ADD_ATTRIBUTE": "Add Property Key",
	"CONTEXT_MENU___INSERT_ATTRIBUTE": "Insert Property Key",
	"CONTEXT_MENU___APPEND_ATTRIBUTE": "Append Property Key",
	"CONTEXT_MENU___OPEN_COLLECTION_IN_NEW_TAB": "Open Node Label in new tab",
	"CONTEXT_MENU___OPEN_RELATIONSHIP_IN_NEW_TAB": "Open Relationship Type in new tab",
	"CONTEXT_MENU___FIELD": "Property Key",
	"CONTEXT_MENU___PATTERN_FIELD": "Pattern Property Key",
	"CONTEXT_MENU___ARRAY_ITEM": "Array Item",
	"MODAL_WINDOW___COLLECTION": "node label:",
	"MODAL_WINDOW___EMPTY_MODEL_MESSAGE": "The Model does not contain any databases.",
	"MODAL_WINDOW___FIELD_INFERENCE": "Property Key Inference",
	"MODAL_WINDOW___KEEP_FIELD_ORDER": "Keep property key order",
	"MODAL_WINDOW___CANNOT_CONNECT_TO_DB": "Cannot connect to Neo4j",
	"MODAL_WINDOW___SUCCESSFULLY_CONNECT_TO_DB": "Successfully connected to Neo4j",
	"MODAL_WINDOW___UNABLE_CONNECT_TO_DB": "Unable to connect to Neo4j",
	"MODAL_WINDOW___DB_ENTITIES_SELECTION_TITLE": "Node label selection",
	"MODAL_WINDOW___RECORDS_MAX": "Records max",
	"MODAL_WINDOW___SUBDOCUMENT_IN_CHILD": "Sub-document in child",
	"MODAL_WINDOW___ARRAY_IN_PARENT": "Array in parent",
	"MODAL_WINDOW___INCLUDE_EMPTY_COLLECTION": "Include empty node labels",
	"MODAL_WINDOW___CREATE_COLLECTION": "Create node label",
	"MODAL_WINDOW___CREATE_BUCKET": "Create database",
	"MODAL_WINDOW___ALL_COLLECTIONS": "and all nested node labels",
	"MODAL_WINDOW___CONNENTION_ERROR": "The Neo4j instance you are connected to does not contain any databases.",
	"MODAL_WINDOW___CONTAIN_BUCKETS": "databases",
	"MODAL_WINDOW___CONTAIN_COLLECTIONS": "node labels",
	"MODAL_WINDOW___CONTAIN_BUCKET": "databases",
	"MODAL_WINDOW___CONTAIN_COLLECTION": "node label",
	"MODAL_WINDOW___DB_CONNECTION_PROCESS": "Neo4j Reverse-Engineering Process",
	"MODAL_WINDOW___DB_CONNECTIONS_LIST_TITLE": "Neo4j Connections",
	"PROGRESS_BAR___DATABASE": "Database",
	"PROGRESS_BAR___COLLECTION": "Node label",
	"PROGRESS_BAR___PROCESS": "Process",
	"DOCUMENTATION___PARENT_COLLECTION": "Parent Node label",
	"DOCUMENTATION___PARENT_FIELD": "Parent Property Key",
	"DOCUMENTATION___PARENT_CARDINALITY": "Parent Cardinality",
	"DOCUMENTATION___CHILD_COLLECTION": "Sub-Node Label",
	"DOCUMENTATION___CHILD_FIELD": "Child Property Key",
	"DOCUMENTATION___CHILD_CARDINALITY": "Child Cardinality",
	"DOCUMENTATION___FIELD": "Property Key",
	"DOCUMENTATION___COLLECTIONS": "Node Labels",
	"DOCUMENTATION___COLLECTION": "Node Labels",
	"DOCUMENTATION___BUCKETS": "Databases",
	"DOCUMENTATION___BUCKET": "Database",
	"DOCUMENTATION___FIELDS": "Property keys",
	"DOCUMENTATION___CHILD_FIELDS": "Child property key(s)",
	"DOCUMENTATION___PHYSICAL_MODEL": "Neo4j Physical Model",
	"DOCUMENTATION___VIEWS": "Views",
	"DOCUMENTATION___VIEW": "Views",
	"DOCUMENTATION___PARENT_TABLE": "Out of node label",
	"DOCUMENTATION___CHILD_TABLE": "Into node label",
	"DOCUMENTATION___RELATIONSHIP": "Relationship Type",
	"DOCUMENTATION___RELATIONSHIPS": "Relationship Types",
	"TOOLTIPS___FOREIGN_COLLECTION": "foreign node labels",
	"TOOLTIPS___COLLECTION_BUCKET": "Databases",
	"TOOLTIPS___FOREIGN_FIELD": "foreign property key",
	"TOOLTIPS___PARENT_COLLECTION": "parent node label",
	"TOOLTIPS___PARENT_COLLECTIONS": "parent node label",
	"TOOLTIPS___PARENT_RELATION": "out of node label",
	"TOOLTIPS___PARENT_FIELD": "parent property key",
	"TOOLTIPS___CHILD_COLLECTION": "sub-node label",
	"TOOLTIPS___CHILD_RELATION": "into node label",
	"TOOLTIPS___CHILD_FIELD": "child property key",
	"TOOLTIPS___VIEW_ON": "view on",
	"TOOLTIPS___PIPELINE": "pipeline",
	"TOOLTIPS___COLLATION": "collation",
	"TOOLTIPS___LOCALE": "locale",
	"TOOLTIPS___VARIANT": "variant",
	"TOOLTIPS___STRENGTH": "strength",
	"TOOLTIPS___CASE_LEVEL": "case level",
	"TOOLTIPS___CASE_FIRST": "case first",
	"TOOLTIPS___NUMERIC_ORDERING": "numeric ordering",
	"TOOLTIPS___ALTERNATE": "alternate",
	"TOOLTIPS___MAX_VARIABLE": "max variable",
	"TOOLTIPS___BACKWARDS": "Backwards",
	"TOOLTIPS___NORMALIZATION": "Normalization",
	"TOOLTIPS___ADD_RELATIONSHIP": "Add relationship type",
	"NEW___MODEL_NAME": "New model",
	"NEW___BUCKET_NAME": "New database",
	"NEW___COLLECTION_NAME": "New node label",
	"NEW___FIELD_NAME": "New property key",
	"NEW___PATTERN_FIELD_NAME": "^New Pattern Property Key$",
	"COLLECTION_SCHEMA_DEFINITION_NAME": "Type definitions",
	"COLLECTION_SCHEMA_DEFINITION_TYPE": "document",
	"MONGODB_SCRIPT_WARNING_MESSAGE": "This view is not associated to a type (viewOn property).",
	"TYPE": {},
	"CENTRAL_PANE___TAB_MODEL_DEFINITIONS": "Model Definitions",
	"CONTEXT_MENU___ADD_MODEL_REFERENCE": "Model Definition",
	"CONTEXT_MENU___GO_TO_DEFINITION": "Go to Model Definition",
	"DOCUMENTATION___DB_DEFINITIONS": "Model Definitions",
	"CONTEXT_MENU___CONVERT_TO_PATTERN_FIELD": "Convert to Pattern Property Key",
	"CONTEXT_MENU___CONVERT_PATTERN_TO_REGULAR_FIELD": "Convert to Regular Property Key",
	"CENTRAL_PANE___FE_SCRIPT": "Cypher",
	"MAIN_MENU___FORWARD_DB_BUCKETS": "Cypher Script..."
}
